candidate_id,strategy,case_id,scenario_weight,full_project_capex_cny,common_infrastructure_annual_cost_cny,flexible_asset_annual_cost_cny,electrolyzer_stack_replacement_cny,annual_operating_margin_cny,gross_revenue_cny,full_project_net_annual_value_cny,renewable_generation_mwh,renewable_utilization_rate,curtailment_mwh,export_land_mwh,spot_compute_service_mwh_it,spot_compute_service_rate,hydrogen_sales_kg,hydrogen_demand_service_rate,eens_mwh,max_offshore_balance_residual_mw,max_land_balance_residual_mw,battery_power_mw,battery_energy_mwh,electrolyzer_power_mw,hydrogen_storage_kg,fuel_cell_power_mw,compute_it_capacity_mw,hydrogen_export_capacity_kg_per_h,compute_price_cny_per_mwh_it,hydrogen_price_cny_per_kg
compute_led,compute_led,contract_c1000_h20,1,3.75420455e+10,3103409895,1300967657,0,1705354324,1737890912,-2699023228,3300000,0.9832896833,55144.0452,1731318.261,1175460.235,0.9128228459,0,0,0,2.842170943e-14,2.842170943e-14,0,0,0,0,0,136.5,0,1000,20
compute_led,compute_led,contract_c1250_h20,1,3.75420455e+10,3103409895,1300967657,0,1999219383,2031755971,-2405158169,3300000,0.9832896833,55144.0452,1731318.261,1175460.235,0.9128228459,0,0,0,2.842170943e-14,2.842170943e-14,0,0,0,0,0,136.5,0,1250,20
compute_led,compute_led,contract_c1500_h20,1,3.75420455e+10,3103409895,1300967657,0,2293084442,2325621030,-2111293110,3300000,0.9832896833,55144.0452,1731318.261,1175460.235,0.9128228459,0,0,0,2.842170943e-14,2.842170943e-14,0,0,0,0,0,136.5,0,1500,20
compute_led,compute_led,contract_c1750_h20,1,3.75420455e+10,3103409895,1300967657,0,2586949500,2619486089,-1817428052,3300000,0.9832896833,55144.0452,1731318.261,1175460.235,0.9128228459,0,0,0,2.842170943e-14,2.842170943e-14,0,0,0,0,0,136.5,0,1750,20
compute_led,compute_led,contract_c2000_h20,1,3.75420455e+10,3103409895,1300967657,0,2880814559,2913351147,-1523562993,3300000,0.9832896833,55144.0452,1731318.261,1175460.235,0.9128228459,0,0,0,2.842170943e-14,2.842170943e-14,0,0,0,0,0,136.5,0,2000,20
compute_led,compute_led,contract_c2250_h20,1,3.75420455e+10,3103409895,1300967657,0,3174679618,3207216206,-1229697934,3300000,0.9832896833,55144.0452,1731318.261,1175460.235,0.9128228459,0,0,0,2.842170943e-14,2.842170943e-14,0,0,0,0,0,136.5,0,2250,20
compute_led,compute_led,contract_c2500_h20,1,3.75420455e+10,3103409895,1300967657,0,3468544677,3501081265,-935832875.2,3300000,0.9832896833,55144.0452,1731318.261,1175460.235,0.9128228459,0,0,0,2.842170943e-14,2.842170943e-14,0,0,0,0,0,136.5,0,2500,20
compute_led,compute_led,contract_c1000_h25,1,3.75420455e+10,3103409895,1300967657,0,1705354324,1737890912,-2699023228,3300000,0.9832896833,55144.0452,1731318.261,1175460.235,0.9128228459,0,0,0,2.842170943e-14,2.842170943e-14,0,0,0,0,0,136.5,0,1000,25
compute_led,compute_led,contract_c1250_h25,1,3.75420455e+10,3103409895,1300967657,0,1999219383,2031755971,-2405158169,3300000,0.9832896833,55144.0452,1731318.261,1175460.235,0.9128228459,0,0,0,2.842170943e-14,2.842170943e-14,0,0,0,0,0,136.5,0,1250,25
compute_led,compute_led,contract_c1500_h25,1,3.75420455e+10,3103409895,1300967657,0,2293084442,2325621030,-2111293110,3300000,0.9832896833,55144.0452,1731318.261,1175460.235,0.9128228459,0,0,0,2.842170943e-14,2.842170943e-14,0,0,0,0,0,136.5,0,1500,25
compute_led,compute_led,contract_c1750_h25,1,3.75420455e+10,3103409895,1300967657,0,2586949500,2619486089,-1817428052,3300000,0.9832896833,55144.0452,1731318.261,1175460.235,0.9128228459,0,0,0,2.842170943e-14,2.842170943e-14,0,0,0,0,0,136.5,0,1750,25
compute_led,compute_led,contract_c2000_h25,1,3.75420455e+10,3103409895,1300967657,0,2880814559,2913351147,-1523562993,3300000,0.9832896833,55144.0452,1731318.261,1175460.235,0.9128228459,0,0,0,2.842170943e-14,2.842170943e-14,0,0,0,0,0,136.5,0,2000,25
compute_led,compute_led,contract_c2250_h25,1,3.75420455e+10,3103409895,1300967657,0,3174679618,3207216206,-1229697934,3300000,0.9832896833,55144.0452,1731318.261,1175460.235,0.9128228459,0,0,0,2.842170943e-14,2.842170943e-14,0,0,0,0,0,136.5,0,2250,25
compute_led,compute_led,contract_c2500_h25,1,3.75420455e+10,3103409895,1300967657,0,3468544677,3501081265,-935832875.2,3300000,0.9832896833,55144.0452,1731318.261,1175460.235,0.9128228459,0,0,0,2.842170943e-14,2.842170943e-14,0,0,0,0,0,136.5,0,2500,25
compute_led,compute_led,contract_c1000_h30,1,3.75420455e+10,3103409895,1300967657,0,1705354324,1737890912,-2699023228,3300000,0.9832896833,55144.0452,1731318.261,1175460.235,0.9128228459,0,0,0,2.842170943e-14,2.842170943e-14,0,0,0,0,0,136.5,0,1000,30
compute_led,compute_led,contract_c1250_h30,1,3.75420455e+10,3103409895,1300967657,0,1999219383,2031755971,-2405158169,3300000,0.9832896833,55144.0452,1731318.261,1175460.235,0.9128228459,0,0,0,2.842170943e-14,2.842170943e-14,0,0,0,0,0,136.5,0,1250,30
compute_led,compute_led,contract_c1500_h30,1,3.75420455e+10,3103409895,1300967657,0,2293084442,2325621030,-2111293110,3300000,0.9832896833,55144.0452,1731318.261,1175460.235,0.9128228459,0,0,0,2.842170943e-14,2.842170943e-14,0,0,0,0,0,136.5,0,1500,30
compute_led,compute_led,contract_c1750_h30,1,3.75420455e+10,3103409895,1300967657,0,2586949500,2619486089,-1817428052,3300000,0.9832896833,55144.0452,1731318.261,1175460.235,0.9128228459,0,0,0,2.842170943e-14,2.842170943e-14,0,0,0,0,0,136.5,0,1750,30
compute_led,compute_led,contract_c2000_h30,1,3.75420455e+10,3103409895,1300967657,0,2880814559,2913351147,-1523562993,3300000,0.9832896833,55144.0452,1731318.261,1175460.235,0.9128228459,0,0,0,2.842170943e-14,2.842170943e-14,0,0,0,0,0,136.5,0,2000,30
compute_led,compute_led,contract_c2250_h30,1,3.75420455e+10,3103409895,1300967657,0,3174679618,3207216206,-1229697934,3300000,0.9832896833,55144.0452,1731318.261,1175460.235,0.9128228459,0,0,0,2.842170943e-14,2.842170943e-14,0,0,0,0,0,136.5,0,2250,30
compute_led,compute_led,contract_c2500_h30,1,3.75420455e+10,3103409895,1300967657,0,3468544677,3501081265,-935832875.2,3300000,0.9832896833,55144.0452,1731318.261,1175460.235,0.9128228459,0,0,0,2.842170943e-14,2.842170943e-14,0,0,0,0,0,136.5,0,2500,30
compute_led,compute_led,contract_c1000_h35,1,3.75420455e+10,3103409895,1300967657,0,1705354324,1737890912,-2699023228,3300000,0.9832896833,55144.0452,1731318.261,1175460.235,0.9128228459,0,0,0,2.842170943e-14,2.842170943e-14,0,0,0,0,0,136.5,0,1000,35
compute_led,compute_led,contract_c1250_h35,1,3.75420455e+10,3103409895,1300967657,0,1999219383,2031755971,-2405158169,3300000,0.9832896833,55144.0452,1731318.261,1175460.235,0.9128228459,0,0,0,2.842170943e-14,2.842170943e-14,0,0,0,0,0,136.5,0,1250,35
compute_led,compute_led,contract_c1500_h35,1,3.75420455e+10,3103409895,1300967657,0,2293084442,2325621030,-2111293110,3300000,0.9832896833,55144.0452,1731318.261,1175460.235,0.9128228459,0,0,0,2.842170943e-14,2.842170943e-14,0,0,0,0,0,136.5,0,1500,35
compute_led,compute_led,contract_c1750_h35,1,3.75420455e+10,3103409895,1300967657,0,2586949500,2619486089,-1817428052,3300000,0.9832896833,55144.0452,1731318.261,1175460.235,0.9128228459,0,0,0,2.842170943e-14,2.842170943e-14,0,0,0,0,0,136.5,0,1750,35
compute_led,compute_led,contract_c2000_h35,1,3.75420455e+10,3103409895,1300967657,0,2880814559,2913351147,-1523562993,3300000,0.9832896833,55144.0452,1731318.261,1175460.235,0.9128228459,0,0,0,2.842170943e-14,2.842170943e-14,0,0,0,0,0,136.5,0,2000,35
compute_led,compute_led,contract_c2250_h35,1,3.75420455e+10,3103409895,1300967657,0,3174679618,3207216206,-1229697934,3300000,0.9832896833,55144.0452,1731318.261,1175460.235,0.9128228459,0,0,0,2.842170943e-14,2.842170943e-14,0,0,0,0,0,136.5,0,2250,35
compute_led,compute_led,contract_c2500_h35,1,3.75420455e+10,3103409895,1300967657,0,3468544677,3501081265,-935832875.2,3300000,0.9832896833,55144.0452,1731318.261,1175460.235,0.9128228459,0,0,0,2.842170943e-14,2.842170943e-14,0,0,0,0,0,136.5,0,2500,35
direct,direct_existing,contract_c1000_h20,1,2.7442e+10,2995183177,0,0,932821015,947040937,-2062362162,3300000,0.8883589123,368415.5895,2717326.847,0,0,0,0,0,0,2.842170943e-14,0,0,0,0,0,0,0,1000,20
direct,direct_existing,contract_c1250_h20,1,2.7442e+10,2995183177,0,0,932821015,947040937,-2062362162,3300000,0.8883589123,368415.5895,2717326.847,0,0,0,0,0,0,2.842170943e-14,0,0,0,0,0,0,0,1250,20
direct,direct_existing,contract_c1500_h20,1,2.7442e+10,2995183177,0,0,932821015,947040937,-2062362162,3300000,0.8883589123,368415.5895,2717326.847,0,0,0,0,0,0,2.842170943e-14,0,0,0,0,0,0,0,1500,20
direct,direct_existing,contract_c1750_h20,1,2.7442e+10,2995183177,0,0,932821015,947040937,-2062362162,3300000,0.8883589123,368415.5895,2717326.847,0,0,0,0,0,0,2.842170943e-14,0,0,0,0,0,0,0,1750,20
direct,direct_existing,contract_c2000_h20,1,2.7442e+10,2995183177,0,0,932821015,947040937,-2062362162,3300000,0.8883589123,368415.5895,2717326.847,0,0,0,0,0,0,2.842170943e-14,0,0,0,0,0,0,0,2000,20
direct,direct_existing,contract_c2250_h20,1,2.7442e+10,2995183177,0,0,932821015,947040937,-2062362162,3300000,0.8883589123,368415.5895,2717326.847,0,0,0,0,0,0,2.842170943e-14,0,0,0,0,0,0,0,2250,20
direct,direct_existing,contract_c2500_h20,1,2.7442e+10,2995183177,0,0,932821015,947040937,-2062362162,3300000,0.8883589123,368415.5895,2717326.847,0,0,0,0,0,0,2.842170943e-14,0,0,0,0,0,0,0,2500,20
direct,direct_existing,contract_c1000_h25,1,2.7442e+10,2995183177,0,0,932821015,947040937,-2062362162,3300000,0.8883589123,368415.5895,2717326.847,0,0,0,0,0,0,2.842170943e-14,0,0,0,0,0,0,0,1000,25
direct,direct_existing,contract_c1250_h25,1,2.7442e+10,2995183177,0,0,932821015,947040937,-2062362162,3300000,0.8883589123,368415.5895,2717326.847,0,0,0,0,0,0,2.842170943e-14,0,0,0,0,0,0,0,1250,25
direct,direct_existing,contract_c1500_h25,1,2.7442e+10,2995183177,0,0,932821015,947040937,-2062362162,3300000,0.8883589123,368415.5895,2717326.847,0,0,0,0,0,0,2.842170943e-14,0,0,0,0,0,0,0,1500,25
direct,direct_existing,contract_c1750_h25,1,2.7442e+10,2995183177,0,0,932821015,947040937,-2062362162,3300000,0.8883589123,368415.5895,2717326.847,0,0,0,0,0,0,2.842170943e-14,0,0,0,0,0,0,0,1750,25
direct,direct_existing,contract_c2000_h25,1,2.7442e+10,2995183177,0,0,932821015,947040937,-2062362162,3300000,0.8883589123,368415.5895,2717326.847,0,0,0,0,0,0,2.842170943e-14,0,0,0,0,0,0,0,2000,25
direct,direct_existing,contract_c2250_h25,1,2.7442e+10,2995183177,0,0,932821015,947040937,-2062362162,3300000,0.8883589123,368415.5895,2717326.847,0,0,0,0,0,0,2.842170943e-14,0,0,0,0,0,0,0,2250,25
direct,direct_existing,contract_c2500_h25,1,2.7442e+10,2995183177,0,0,932821015,947040937,-2062362162,3300000,0.8883589123,368415.5895,2717326.847,0,0,0,0,0,0,2.842170943e-14,0,0,0,0,0,0,0,2500,25
direct,direct_existing,contract_c1000_h30,1,2.7442e+10,2995183177,0,0,932821015,947040937,-2062362162,3300000,0.8883589123,368415.5895,2717326.847,0,0,0,0,0,0,2.842170943e-14,0,0,0,0,0,0,0,1000,30
direct,direct_existing,contract_c1250_h30,1,2.7442e+10,2995183177,0,0,932821015,947040937,-2062362162,3300000,0.8883589123,368415.5895,2717326.847,0,0,0,0,0,0,2.842170943e-14,0,0,0,0,0,0,0,1250,30
direct,direct_existing,contract_c1500_h30,1,2.7442e+10,2995183177,0,0,932821015,947040937,-2062362162,3300000,0.8883589123,368415.5895,2717326.847,0,0,0,0,0,0,2.842170943e-14,0,0,0,0,0,0,0,1500,30
direct,direct_existing,contract_c1750_h30,1,2.7442e+10,2995183177,0,0,932821015,947040937,-2062362162,3300000,0.8883589123,368415.5895,2717326.847,0,0,0,0,0,0,2.842170943e-14,0,0,0,0,0,0,0,1750,30
direct,direct_existing,contract_c2000_h30,1,2.7442e+10,2995183177,0,0,932821015,947040937,-2062362162,3300000,0.8883589123,368415.5895,2717326.847,0,0,0,0,0,0,2.842170943e-14,0,0,0,0,0,0,0,2000,30
direct,direct_existing,contract_c2250_h30,1,2.7442e+10,2995183177,0,0,932821015,947040937,-2062362162,3300000,0.8883589123,368415.5895,2717326.847,0,0,0,0,0,0,2.842170943e-14,0,0,0,0,0,0,0,2250,30
direct,direct_existing,contract_c2500_h30,1,2.7442e+10,2995183177,0,0,932821015,947040937,-2062362162,3300000,0.8883589123,368415.5895,2717326.847,0,0,0,0,0,0,2.842170943e-14,0,0,0,0,0,0,0,2500,30
direct,direct_existing,contract_c1000_h35,1,2.7442e+10,2995183177,0,0,932821015,947040937,-2062362162,3300000,0.8883589123,368415.5895,2717326.847,0,0,0,0,0,0,2.842170943e-14,0,0,0,0,0,0,0,1000,35
direct,direct_existing,contract_c1250_h35,1,2.7442e+10,2995183177,0,0,932821015,947040937,-2062362162,3300000,0.8883589123,368415.5895,2717326.847,0,0,0,0,0,0,2.842170943e-14,0,0,0,0,0,0,0,1250,35
direct,direct_existing,contract_c1500_h35,1,2.7442e+10,2995183177,0,0,932821015,947040937,-2062362162,3300000,0.8883589123,368415.5895,2717326.847,0,0,0,0,0,0,2.842170943e-14,0,0,0,0,0,0,0,1500,35
direct,direct_existing,contract_c1750_h35,1,2.7442e+10,2995183177,0,0,932821015,947040937,-2062362162,3300000,0.8883589123,368415.5895,2717326.847,0,0,0,0,0,0,2.842170943e-14,0,0,0,0,0,0,0,1750,35
direct,direct_existing,contract_c2000_h35,1,2.7442e+10,2995183177,0,0,932821015,947040937,-2062362162,3300000,0.8883589123,368415.5895,2717326.847,0,0,0,0,0,0,2.842170943e-14,0,0,0,0,0,0,0,2000,35
direct,direct_existing,contract_c2250_h35,1,2.7442e+10,2995183177,0,0,932821015,947040937,-2062362162,3300000,0.8883589123,368415.5895,2717326.847,0,0,0,0,0,0,2.842170943e-14,0,0,0,0,0,0,0,2250,35
direct,direct_existing,contract_c2500_h35,1,2.7442e+10,2995183177,0,0,932821015,947040937,-2062362162,3300000,0.8883589123,368415.5895,2717326.847,0,0,0,0,0,0,2.842170943e-14,0,0,0,0,0,0,0,2500,35
diversified_hedge,diversified_hedge,contract_c1000_h20,1,4.04557649e+10,3103409895,1629526342,18032729.7,1780790619,1871022560,-2952145618,3300000,1,0,842308.6331,1175460.235,0.9128228459,17106146.75,0.1627297065,0,5.684341886e-14,2.842170943e-14,0,0,308.7479476,36089.98728,0,136.5,4025.552976,1000,20
diversified_hedge,diversified_hedge,contract_c1250_h20,1,4.04557649e+10,3103409895,1629526342,18032729.7,2074655678,2164887619,-2658280559,3300000,1,0,842308.6331,1175460.235,0.9128228459,17106146.75,0.1627297065,0,5.684341886e-14,2.842170943e-14,0,0,308.7479476,36089.98728,0,136.5,4025.552976,1250,20
diversified_hedge,diversified_hedge,contract_c1500_h20,1,4.04557649e+10,3103409895,1629526342,18032729.7,2368520737,2458752678,-2364415500,3300000,1,0,842308.6331,1175460.235,0.9128228459,17106146.75,0.1627297065,0,5.684341886e-14,2.842170943e-14,0,0,308.7479476,36089.98728,0,136.5,4025.552976,1500,20
diversified_hedge,diversified_hedge,contract_c1750_h20,1,4.04557649e+10,3103409895,1629526342,18032729.7,2662385795,2752617736,-2070550442,3300000,1,0,842308.6331,1175460.235,0.9128228459,17106146.75,0.1627297065,0,5.684341886e-14,2.842170943e-14,0,0,308.7479476,36089.98728,0,136.5,4025.552976,1750,20
diversified_hedge,diversified_hedge,contract_c2000_h20,1,4.04557649e+10,3103409895,1629526342,18032729.7,2956250854,3046482795,-1776685383,3300000,1,0,842308.6331,1175460.235,0.9128228459,17106146.75,0.1627297065,0,5.684341886e-14,2.842170943e-14,0,0,308.7479476,36089.98728,0,136.5,4025.552976,2000,20
diversified_hedge,diversified_hedge,contract_c2250_h20,1,4.04557649e+10,3103409895,1629526342,18032729.7,3250115913,3340347854,-1482820324,3300000,1,0,842308.6331,1175460.235,0.9128228459,17106146.75,0.1627297065,0,5.684341886e-14,2.842170943e-14,0,0,308.7479476,36089.98728,0,136.5,4025.552976,2250,20
diversified_hedge,diversified_hedge,contract_c2500_h20,1,4.04557649e+10,3103409895,1629526342,18032729.7,3543980972,3634212913,-1188955265,3300000,1,0,842308.6331,1175460.235,0.9128228459,17106146.75,0.1627297065,0,5.684341886e-14,2.842170943e-14,0,0,308.7479476,36089.98728,0,136.5,4025.552976,2500,20
diversified_hedge,diversified_hedge,contract_c1000_h25,1,4.04557649e+10,3103409895,1629526342,26688119.12,1885684574,2003476917,-2847251663,3300000,1,0,389901.4079,1175460.235,0.9128228459,25316792.84,0.2408370704,0,5.684341886e-14,2.842170943e-14,0,0,308.7479476,36089.98728,0,136.5,4025.552976,1000,25
diversified_hedge,diversified_hedge,contract_c1250_h25,1,4.04557649e+10,3103409895,1629526342,26688119.12,2179549633,2297341976,-2553386604,3300000,1,0,389901.4079,1175460.235,0.9128228459,25316792.84,0.2408370704,0,5.684341886e-14,2.842170943e-14,0,0,308.7479476,36089.98728,0,136.5,4025.552976,1250,25
diversified_hedge,diversified_hedge,contract_c1500_h25,1,4.04557649e+10,3103409895,1629526342,26688119.12,2473414692,2591207035,-2259521545,3300000,1,0,389901.4079,1175460.235,0.9128228459,25316792.84,0.2408370704,0,5.684341886e-14,2.842170943e-14,0,0,308.7479476,36089.98728,0,136.5,4025.552976,1500,25
diversified_hedge,diversified_hedge,contract_c1750_h25,1,4.04557649e+10,3103409895,1629526342,26688119.12,2767279751,2885072094,-1965656487,3300000,1,0,389901.4079,1175460.235,0.9128228459,25316792.84,0.2408370704,0,5.684341886e-14,2.842170943e-14,0,0,308.7479476,36089.98728,0,136.5,4025.552976,1750,25
diversified_hedge,diversified_hedge,contract_c2000_h25,1,4.04557649e+10,3103409895,1629526342,26688119.12,3061144809,3178937152,-1671791428,3300000,1,0,389901.4079,1175460.235,0.9128228459,25316792.84,0.2408370704,0,5.684341886e-14,2.842170943e-14,0,0,308.7479476,36089.98728,0,136.5,4025.552976,2000,25
diversified_hedge,diversified_hedge,contract_c2250_h25,1,4.04557649e+10,3103409895,1629526342,26688119.12,3355009868,3472802211,-1377926369,3300000,1,0,389901.4079,1175460.235,0.9128228459,25316792.84,0.2408370704,0,5.684341886e-14,2.842170943e-14,0,0,308.7479476,36089.98728,0,136.5,4025.552976,2250,25
diversified_hedge,diversified_hedge,contract_c2500_h25,1,4.04557649e+10,3103409895,1629526342,26688119.12,3648874927,3766667270,-1084061310,3300000,1,0,389901.4079,1175460.235,0.9128228459,25316792.84,0.2408370704,0,5.684341886e-14,2.842170943e-14,0,0,308.7479476,36089.98728,0,136.5,4025.552976,2500,25
diversified_hedge,diversified_hedge,contract_c1000_h30,1,4.04557649e+10,3103409895,1629526342,26688119.12,2012268538,2130060881,-2720667699,3300000,1,0,389901.4079,1175460.235,0.9128228459,25316792.84,0.2408370704,0,5.684341886e-14,2.842170943e-14,0,0,308.7479476,36089.98728,0,136.5,4025.552976,1000,30
diversified_hedge,diversified_hedge,contract_c1250_h30,1,4.04557649e+10,3103409895,1629526342,26688119.12,2306133597,2423925940,-2426802640,3300000,1,0,389901.4079,1175460.235,0.9128228459,25316792.84,0.2408370704,0,5.684341886e-14,2.842170943e-14,0,0,308.7479476,36089.98728,0,136.5,4025.552976,1250,30
diversified_hedge,diversified_hedge,contract_c1500_h30,1,4.04557649e+10,3103409895,1629526342,26688119.12,2599998656,2717790999,-2132937581,3300000,1,0,389901.4079,1175460.235,0.9128228459,25316792.84,0.2408370704,0,5.684341886e-14,2.842170943e-14,0,0,308.7479476,36089.98728,0,136.5,4025.552976,1500,30
diversified_hedge,diversified_hedge,contract_c1750_h30,1,4.04557649e+10,3103409895,1629526342,26688119.12,2893863715,3011656058,-1839072522,3300000,1,0,389901.4079,1175460.235,0.9128228459,25316792.84,0.2408370704,0,5.684341886e-14,2.842170943e-14,0,0,308.7479476,36089.98728,0,136.5,4025.552976,1750,30
diversified_hedge,diversified_hedge,contract_c2000_h30,1,4.04557649e+10,3103409895,1629526342,26688119.12,3187728774,3305521117,-1545207464,3300000,1,0,389901.4079,1175460.235,0.9128228459,25316792.84,0.2408370704,0,5.684341886e-14,2.842170943e-14,0,0,308.7479476,36089.98728,0,136.5,4025.552976,2000,30
diversified_hedge,diversified_hedge,contract_c2250_h30,1,4.04557649e+10,3103409895,1629526342,26688119.12,3481593832,3599386175,-1251342405,3300000,1,0,389901.4079,1175460.235,0.9128228459,25316792.84,0.2408370704,0,5.684341886e-14,2.842170943e-14,0,0,308.7479476,36089.98728,0,136.5,4025.552976,2250,30
diversified_hedge,diversified_hedge,contract_c2500_h30,1,4.04557649e+10,3103409895,1629526342,26688119.12,3775458891,3893251234,-957477346,3300000,1,0,389901.4079,1175460.235,0.9128228459,25316792.84,0.2408370704,0,5.684341886e-14,2.842170943e-14,0,0,308.7479476,36089.98728,0,136.5,4025.552976,2500,30
diversified_hedge,diversified_hedge,contract_c1000_h35,1,4.04557649e+10,3103409895,1629526342,26688119.12,2138852503,2256644846,-2594083734,3300000,1,0,389901.4079,1175460.235,0.9128228459,25316792.84,0.2408370704,0,5.684341886e-14,2.842170943e-14,0,0,308.7479476,36089.98728,0,136.5,4025.552976,1000,35
diversified_hedge,diversified_hedge,contract_c1250_h35,1,4.04557649e+10,3103409895,1629526342,26688119.12,2432717561,2550509904,-2300218676,3300000,1,0,389901.4079,1175460.235,0.9128228459,25316792.84,0.2408370704,0,5.684341886e-14,2.842170943e-14,0,0,308.7479476,36089.98728,0,136.5,4025.552976,1250,35
diversified_hedge,diversified_hedge,contract_c1500_h35,1,4.04557649e+10,3103409895,1629526342,26688119.12,2726582620,2844374963,-2006353617,3300000,1,0,389901.4079,1175460.235,0.9128228459,25316792.84,0.2408370704,0,5.684341886e-14,2.842170943e-14,0,0,308.7479476,36089.98728,0,136.5,4025.552976,1500,35
diversified_hedge,diversified_hedge,contract_c1750_h35,1,4.04557649e+10,3103409895,1629526342,26688119.12,3020447679,3138240022,-1712488558,3300000,1,0,389901.4079,1175460.235,0.9128228459,25316792.84,0.2408370704,0,5.684341886e-14,2.842170943e-14,0,0,308.7479476,36089.98728,0,136.5,4025.552976,1750,35
diversified_hedge,diversified_hedge,contract_c2000_h35,1,4.04557649e+10,3103409895,1629526342,26688119.12,3314312738,3432105081,-1418623499,3300000,1,0,389901.4079,1175460.235,0.9128228459,25316792.84,0.2408370704,0,5.684341886e-14,2.842170943e-14,0,0,308.7479476,36089.98728,0,136.5,4025.552976,2000,35
diversified_hedge,diversified_hedge,contract_c2250_h35,1,4.04557649e+10,3103409895,1629526342,26688119.12,3608177797,3725970140,-1124758441,3300000,1,0,389901.4079,1175460.235,0.9128228459,25316792.84,0.2408370704,0,5.684341886e-14,2.842170943e-14,0,0,308.7479476,36089.98728,0,136.5,4025.552976,2250,35
diversified_hedge,diversified_hedge,contract_c2500_h35,1,4.04557649e+10,3103409895,1629526342,26688119.12,3902042855,4019835198,-830893381.7,3300000,1,0,389901.4079,1175460.235,0.9128228459,25316792.84,0.2408370704,0,5.684341886e-14,2.842170943e-14,0,0,308.7479476,36089.98728,0,136.5,4025.552976,2500,35
hydrogen_led,hydrogen_led,contract_c1000_h20,1,3.13557194e+10,3103409895,328558685.1,25644080.11,1080495550,1178210399,-2351473030,3300000,0.999832275,553.4925446,1734322.233,0,0,24326400.11,0.2314155261,0,0,2.842170943e-14,0,0,308.7479476,36089.98728,0,0,4025.552976,1000,20
hydrogen_led,hydrogen_led,contract_c1250_h20,1,3.13557194e+10,3103409895,328558685.1,25644080.11,1080495550,1178210399,-2351473030,3300000,0.999832275,553.4925446,1734322.233,0,0,24326400.11,0.2314155261,0,0,2.842170943e-14,0,0,308.7479476,36089.98728,0,0,4025.552976,1250,20
hydrogen_led,hydrogen_led,contract_c1500_h20,1,3.13557194e+10,3103409895,328558685.1,25644080.11,1080495550,1178210399,-2351473030,3300000,0.999832275,553.4925446,1734322.233,0,0,24326400.11,0.2314155261,0,0,2.842170943e-14,0,0,308.7479476,36089.98728,0,0,4025.552976,1500,20
hydrogen_led,hydrogen_led,contract_c1750_h20,1,3.13557194e+10,3103409895,328558685.1,25644080.11,1080495550,1178210399,-2351473030,3300000,0.999832275,553.4925446,1734322.233,0,0,24326400.11,0.2314155261,0,0,2.842170943e-14,0,0,308.7479476,36089.98728,0,0,4025.552976,1750,20
hydrogen_led,hydrogen_led,contract_c2000_h20,1,3.13557194e+10,3103409895,328558685.1,25644080.11,1080495550,1178210399,-2351473030,3300000,0.999832275,553.4925446,1734322.233,0,0,24326400.11,0.2314155261,0,0,2.842170943e-14,0,0,308.7479476,36089.98728,0,0,4025.552976,2000,20
hydrogen_led,hydrogen_led,contract_c2250_h20,1,3.13557194e+10,3103409895,328558685.1,25644080.11,1080495550,1178210399,-2351473030,3300000,0.999832275,553.4925446,1734322.233,0,0,24326400.11,0.2314155261,0,0,2.842170943e-14,0,0,308.7479476,36089.98728,0,0,4025.552976,2250,20
hydrogen_led,hydrogen_led,contract_c2500_h20,1,3.13557194e+10,3103409895,328558685.1,25644080.11,1080495550,1178210399,-2351473030,3300000,0.999832275,553.4925446,1734322.233,0,0,24326400.11,0.2314155261,0,0,2.842170943e-14,0,0,308.7479476,36089.98728,0,0,4025.552976,2500,20
hydrogen_led,hydrogen_led,contract_c1000_h25,1,3.13557194e+10,3103409895,328558685.1,36471613.32,1227916590,1360108359,-2204051991,3300000,0.999832275,553.4925446,1172855.134,0,0,34597577.86,0.3291245991,0,0,2.842170943e-14,0,0,308.7479476,36089.98728,0,0,4025.552976,1000,25
hydrogen_led,hydrogen_led,contract_c1250_h25,1,3.13557194e+10,3103409895,328558685.1,36471613.32,1227916590,1360108359,-2204051991,3300000,0.999832275,553.4925446,1172855.134,0,0,34597577.86,0.3291245991,0,0,2.842170943e-14,0,0,308.7479476,36089.98728,0,0,4025.552976,1250,25
hydrogen_led,hydrogen_led,contract_c1500_h25,1,3.13557194e+10,3103409895,328558685.1,36471613.32,1227916590,1360108359,-2204051991,3300000,0.999832275,553.4925446,1172855.134,0,0,34597577.86,0.3291245991,0,0,2.842170943e-14,0,0,308.7479476,36089.98728,0,0,4025.552976,1500,25
hydrogen_led,hydrogen_led,contract_c1750_h25,1,3.13557194e+10,3103409895,328558685.1,36471613.32,1227916590,1360108359,-2204051991,3300000,0.999832275,553.4925446,1172855.134,0,0,34597577.86,0.3291245991,0,0,2.842170943e-14,0,0,308.7479476,36089.98728,0,0,4025.552976,1750,25
hydrogen_led,hydrogen_led,contract_c2000_h25,1,3.13557194e+10,3103409895,328558685.1,36471613.32,1227916590,1360108359,-2204051991,3300000,0.999832275,553.4925446,1172855.134,0,0,34597577.86,0.3291245991,0,0,2.842170943e-14,0,0,308.7479476,36089.98728,0,0,4025.552976,2000,25
hydrogen_led,hydrogen_led,contract_c2250_h25,1,3.13557194e+10,3103409895,328558685.1,36471613.32,1227916590,1360108359,-2204051991,3300000,0.999832275,553.4925446,1172855.134,0,0,34597577.86,0.3291245991,0,0,2.842170943e-14,0,0,308.7479476,36089.98728,0,0,4025.552976,2250,25
hydrogen_led,hydrogen_led,contract_c2500_h25,1,3.13557194e+10,3103409895,328558685.1,36471613.32,1227916590,1360108359,-2204051991,3300000,0.999832275,553.4925446,1172855.134,0,0,34597577.86,0.3291245991,0,0,2.842170943e-14,0,0,308.7479476,36089.98728,0,0,4025.552976,2500,25
hydrogen_led,hydrogen_led,contract_c1000_h30,1,3.13557194e+10,3103409895,328558685.1,36471613.32,1400904479,1533096248,-2031064101,3300000,0.999832275,553.4925446,1172855.134,0,0,34597577.86,0.3291245991,0,0,2.842170943e-14,0,0,308.7479476,36089.98728,0,0,4025.552976,1000,30
hydrogen_led,hydrogen_led,contract_c1250_h30,1,3.13557194e+10,3103409895,328558685.1,36471613.32,1400904479,1533096248,-2031064101,3300000,0.999832275,553.4925446,1172855.134,0,0,34597577.86,0.3291245991,0,0,2.842170943e-14,0,0,308.7479476,36089.98728,0,0,4025.552976,1250,30
hydrogen_led,hydrogen_led,contract_c1500_h30,1,3.13557194e+10,3103409895,328558685.1,36471613.32,1400904479,1533096248,-2031064101,3300000,0.999832275,553.4925446,1172855.134,0,0,34597577.86,0.3291245991,0,0,2.842170943e-14,0,0,308.7479476,36089.98728,0,0,4025.552976,1500,30
hydrogen_led,hydrogen_led,contract_c1750_h30,1,3.13557194e+10,3103409895,328558685.1,36471613.32,1400904479,1533096248,-2031064101,3300000,0.999832275,553.4925446,1172855.134,0,0,34597577.86,0.3291245991,0,0,2.842170943e-14,0,0,308.7479476,36089.98728,0,0,4025.552976,1750,30
hydrogen_led,hydrogen_led,contract_c2000_h30,1,3.13557194e+10,3103409895,328558685.1,36471613.32,1400904479,1533096248,-2031064101,3300000,0.999832275,553.4925446,1172855.134,0,0,34597577.86,0.3291245991,0,0,2.842170943e-14,0,0,308.7479476,36089.98728,0,0,4025.552976,2000,30
hydrogen_led,hydrogen_led,contract_c2250_h30,1,3.13557194e+10,3103409895,328558685.1,36471613.32,1400904479,1533096248,-2031064101,3300000,0.999832275,553.4925446,1172855.134,0,0,34597577.86,0.3291245991,0,0,2.842170943e-14,0,0,308.7479476,36089.98728,0,0,4025.552976,2250,30
hydrogen_led,hydrogen_led,contract_c2500_h30,1,3.13557194e+10,3103409895,328558685.1,36471613.32,1400904479,1533096248,-2031064101,3300000,0.999832275,553.4925446,1172855.134,0,0,34597577.86,0.3291245991,0,0,2.842170943e-14,0,0,308.7479476,36089.98728,0,0,4025.552976,2500,30
hydrogen_led,hydrogen_led,contract_c1000_h35,1,3.13557194e+10,3103409895,328558685.1,36471613.32,1573892368,1706084137,-1858076212,3300000,0.999832275,553.4925446,1172855.134,0,0,34597577.86,0.3291245991,0,0,2.842170943e-14,0,0,308.7479476,36089.98728,0,0,4025.552976,1000,35
hydrogen_led,hydrogen_led,contract_c1250_h35,1,3.13557194e+10,3103409895,328558685.1,36471613.32,1573892368,1706084137,-1858076212,3300000,0.999832275,553.4925446,1172855.134,0,0,34597577.86,0.3291245991,0,0,2.842170943e-14,0,0,308.7479476,36089.98728,0,0,4025.552976,1250,35
hydrogen_led,hydrogen_led,contract_c1500_h35,1,3.13557194e+10,3103409895,328558685.1,36471613.32,1573892368,1706084137,-1858076212,3300000,0.999832275,553.4925446,1172855.134,0,0,34597577.86,0.3291245991,0,0,2.842170943e-14,0,0,308.7479476,36089.98728,0,0,4025.552976,1500,35
hydrogen_led,hydrogen_led,contract_c1750_h35,1,3.13557194e+10,3103409895,328558685.1,36471613.32,1573892368,1706084137,-1858076212,3300000,0.999832275,553.4925446,1172855.134,0,0,34597577.86,0.3291245991,0,0,2.842170943e-14,0,0,308.7479476,36089.98728,0,0,4025.552976,1750,35
hydrogen_led,hydrogen_led,contract_c2000_h35,1,3.13557194e+10,3103409895,328558685.1,36471613.32,1573892368,1706084137,-1858076212,3300000,0.999832275,553.4925446,1172855.134,0,0,34597577.86,0.3291245991,0,0,2.842170943e-14,0,0,308.7479476,36089.98728,0,0,4025.552976,2000,35
hydrogen_led,hydrogen_led,contract_c2250_h35,1,3.13557194e+10,3103409895,328558685.1,36471613.32,1573892368,1706084137,-1858076212,3300000,0.999832275,553.4925446,1172855.134,0,0,34597577.86,0.3291245991,0,0,2.842170943e-14,0,0,308.7479476,36089.98728,0,0,4025.552976,2250,35
hydrogen_led,hydrogen_led,contract_c2500_h35,1,3.13557194e+10,3103409895,328558685.1,36471613.32,1573892368,1706084137,-1858076212,3300000,0.999832275,553.4925446,1172855.134,0,0,34597577.86,0.3291245991,0,0,2.842170943e-14,0,0,308.7479476,36089.98728,0,0,4025.552976,2500,35
integrated_contract,integrated_contract,contract_c1000_h20,1,3.895245036e+10,3103409895,1460670894,11327713.51,1751245985,1820124830,-2812834805,3300000,0.9998150479,610.3417884,1192970.119,1175460.235,0.9128228459,10745657.09,0.1022227653,0,5.684341886e-14,2.842170943e-14,0,0,152.9901622,26467.23137,0,136.5,1877.120574,1000,20
integrated_contract,integrated_contract,contract_c1250_h20,1,3.895245036e+10,3103409895,1460670894,11327713.51,2045111043,2113989889,-2518969746,3300000,0.9998150479,610.3417884,1192970.119,1175460.235,0.9128228459,10745657.09,0.1022227653,0,5.684341886e-14,2.842170943e-14,0,0,152.9901622,26467.23137,0,136.5,1877.120574,1250,20
integrated_contract,integrated_contract,contract_c1500_h20,1,3.895245036e+10,3103409895,1460670894,11327713.51,2338976102,2407854948,-2225104688,3300000,0.9998150479,610.3417884,1192970.119,1175460.235,0.9128228459,10745657.09,0.1022227653,0,5.684341886e-14,2.842170943e-14,0,0,152.9901622,26467.23137,0,136.5,1877.120574,1500,20
integrated_contract,integrated_contract,contract_c1750_h20,1,3.895245036e+10,3103409895,1460670894,11327713.51,2632841161,2701720006,-1931239629,3300000,0.9998150479,610.3417884,1192970.119,1175460.235,0.9128228459,10745657.09,0.1022227653,0,5.684341886e-14,2.842170943e-14,0,0,152.9901622,26467.23137,0,136.5,1877.120574,1750,20
integrated_contract,integrated_contract,contract_c2000_h20,1,3.895245036e+10,3103409895,1460670894,11327713.51,2926706220,2995585065,-1637374570,3300000,0.9998150479,610.3417884,1192970.119,1175460.235,0.9128228459,10745657.09,0.1022227653,0,5.684341886e-14,2.842170943e-14,0,0,152.9901622,26467.23137,0,136.5,1877.120574,2000,20
integrated_contract,integrated_contract,contract_c2250_h20,1,3.895245036e+10,3103409895,1460670894,11327713.51,3220571278,3289450124,-1343509511,3300000,0.9998150479,610.3417884,1192970.119,1175460.235,0.9128228459,10745657.09,0.1022227653,0,5.684341886e-14,2.842170943e-14,0,0,152.9901622,26467.23137,0,136.5,1877.120574,2250,20
integrated_contract,integrated_contract,contract_c2500_h20,1,3.895245036e+10,3103409895,1460670894,11327713.51,3514436337,3583315183,-1049644452,3300000,0.9998150479,610.3417884,1192970.119,1175460.235,0.9128228459,10745657.09,0.1022227653,0,5.684341886e-14,2.842170943e-14,0,0,152.9901622,26467.23137,0,136.5,1877.120574,2500,20
integrated_contract,integrated_contract,contract_c1000_h25,1,3.895245036e+10,3103409895,1460670894,16637298.69,1817160608,1902946180,-2746920182,3300000,0.9998150479,610.3417884,916324.5419,1175460.235,0.9128228459,15782417.73,0.1501371549,0,5.684341886e-14,2.842170943e-14,0,0,152.9901622,26467.23137,0,136.5,1877.120574,1000,25
integrated_contract,integrated_contract,contract_c1250_h25,1,3.895245036e+10,3103409895,1460670894,16637298.69,2111025666,2196811239,-2453055123,3300000,0.9998150479,610.3417884,916324.5419,1175460.235,0.9128228459,15782417.73,0.1501371549,0,5.684341886e-14,2.842170943e-14,0,0,152.9901622,26467.23137,0,136.5,1877.120574,1250,25
integrated_contract,integrated_contract,contract_c1500_h25,1,3.895245036e+10,3103409895,1460670894,16637298.69,2404890725,2490676297,-2159190065,3300000,0.9998150479,610.3417884,916324.5419,1175460.235,0.9128228459,15782417.73,0.1501371549,0,5.684341886e-14,2.842170943e-14,0,0,152.9901622,26467.23137,0,136.5,1877.120574,1500,25
integrated_contract,integrated_contract,contract_c1750_h25,1,3.895245036e+10,3103409895,1460670894,16637298.69,2698755784,2784541356,-1865325006,3300000,0.9998150479,610.3417884,916324.5419,1175460.235,0.9128228459,15782417.73,0.1501371549,0,5.684341886e-14,2.842170943e-14,0,0,152.9901622,26467.23137,0,136.5,1877.120574,1750,25
integrated_contract,integrated_contract,contract_c2000_h25,1,3.895245036e+10,3103409895,1460670894,16637298.69,2992620843,3078406415,-1571459947,3300000,0.9998150479,610.3417884,916324.5419,1175460.235,0.9128228459,15782417.73,0.1501371549,0,5.684341886e-14,2.842170943e-14,0,0,152.9901622,26467.23137,0,136.5,1877.120574,2000,25
integrated_contract,integrated_contract,contract_c2250_h25,1,3.895245036e+10,3103409895,1460670894,16637298.69,3286485902,3372271474,-1277594888,3300000,0.9998150479,610.3417884,916324.5419,1175460.235,0.9128228459,15782417.73,0.1501371549,0,5.684341886e-14,2.842170943e-14,0,0,152.9901622,26467.23137,0,136.5,1877.120574,2250,25
integrated_contract,integrated_contract,contract_c2500_h25,1,3.895245036e+10,3103409895,1460670894,16637298.69,3580350960,3666136532,-983729829.3,3300000,0.9998150479,610.3417884,916324.5419,1175460.235,0.9128228459,15782417.73,0.1501371549,0,5.684341886e-14,2.842170943e-14,0,0,152.9901622,26467.23137,0,136.5,1877.120574,2500,25
integrated_contract,integrated_contract,contract_c1000_h30,1,3.895245036e+10,3103409895,1460670894,16637298.69,1896072696,1981858268,-2668008093,3300000,0.9998150479,610.3417884,916324.5419,1175460.235,0.9128228459,15782417.73,0.1501371549,0,5.684341886e-14,2.842170943e-14,0,0,152.9901622,26467.23137,0,136.5,1877.120574,1000,30
integrated_contract,integrated_contract,contract_c1250_h30,1,3.895245036e+10,3103409895,1460670894,16637298.69,2189937755,2275723327,-2374143035,3300000,0.9998150479,610.3417884,916324.5419,1175460.235,0.9128228459,15782417.73,0.1501371549,0,5.684341886e-14,2.842170943e-14,0,0,152.9901622,26467.23137,0,136.5,1877.120574,1250,30
integrated_contract,integrated_contract,contract_c1500_h30,1,3.895245036e+10,3103409895,1460670894,16637298.69,2483802814,2569588386,-2080277976,3300000,0.9998150479,610.3417884,916324.5419,1175460.235,0.9128228459,15782417.73,0.1501371549,0,5.684341886e-14,2.842170943e-14,0,0,152.9901622,26467.23137,0,136.5,1877.120574,1500,30
integrated_contract,integrated_contract,contract_c1750_h30,1,3.895245036e+10,3103409895,1460670894,16637298.69,2777667873,2863453445,-1786412917,3300000,0.9998150479,610.3417884,916324.5419,1175460.235,0.9128228459,15782417.73,0.1501371549,0,5.684341886e-14,2.842170943e-14,0,0,152.9901622,26467.23137,0,136.5,1877.120574,1750,30
integrated_contract,integrated_contract,contract_c2000_h30,1,3.895245036e+10,3103409895,1460670894,16637298.69,3071532931,3157318504,-1492547858,3300000,0.9998150479,610.3417884,916324.5419,1175460.235,0.9128228459,15782417.73,0.1501371549,0,5.684341886e-14,2.842170943e-14,0,0,152.9901622,26467.23137,0,136.5,1877.120574,2000,30
integrated_contract,integrated_contract,contract_c2250_h30,1,3.895245036e+10,3103409895,1460670894,16637298.69,3365397990,3451183562,-1198682800,3300000,0.9998150479,610.3417884,916324.5419,1175460.235,0.9128228459,15782417.73,0.1501371549,0,5.684341886e-14,2.842170943e-14,0,0,152.9901622,26467.23137,0,136.5,1877.120574,2250,30
integrated_contract,integrated_contract,contract_c2500_h30,1,3.895245036e+10,3103409895,1460670894,16637298.69,3659263049,3745048621,-904817740.7,3300000,0.9998150479,610.3417884,916324.5419,1175460.235,0.9128228459,15782417.73,0.1501371549,0,5.684341886e-14,2.842170943e-14,0,0,152.9901622,26467.23137,0,136.5,1877.120574,2500,30
integrated_contract,integrated_contract,contract_c1000_h35,1,3.895245036e+10,3103409895,1460670894,16637298.69,1974984785,2060770357,-2589096005,3300000,0.9998150479,610.3417884,916324.5419,1175460.235,0.9128228459,15782417.73,0.1501371549,0,5.684341886e-14,2.842170943e-14,0,0,152.9901622,26467.23137,0,136.5,1877.120574,1000,35
integrated_contract,integrated_contract,contract_c1250_h35,1,3.895245036e+10,3103409895,1460670894,16637298.69,2268849844,2354635416,-2295230946,3300000,0.9998150479,610.3417884,916324.5419,1175460.235,0.9128228459,15782417.73,0.1501371549,0,5.684341886e-14,2.842170943e-14,0,0,152.9901622,26467.23137,0,136.5,1877.120574,1250,35
integrated_contract,integrated_contract,contract_c1500_h35,1,3.895245036e+10,3103409895,1460670894,16637298.69,2562714902,2648500475,-2001365887,3300000,0.9998150479,610.3417884,916324.5419,1175460.235,0.9128228459,15782417.73,0.1501371549,0,5.684341886e-14,2.842170943e-14,0,0,152.9901622,26467.23137,0,136.5,1877.120574,1500,35
integrated_contract,integrated_contract,contract_c1750_h35,1,3.895245036e+10,3103409895,1460670894,16637298.69,2856579961,2942365533,-1707500828,3300000,0.9998150479,610.3417884,916324.5419,1175460.235,0.9128228459,15782417.73,0.1501371549,0,5.684341886e-14,2.842170943e-14,0,0,152.9901622,26467.23137,0,136.5,1877.120574,1750,35
integrated_contract,integrated_contract,contract_c2000_h35,1,3.895245036e+10,3103409895,1460670894,16637298.69,3150445020,3236230592,-1413635770,3300000,0.9998150479,610.3417884,916324.5419,1175460.235,0.9128228459,15782417.73,0.1501371549,0,5.684341886e-14,2.842170943e-14,0,0,152.9901622,26467.23137,0,136.5,1877.120574,2000,35
integrated_contract,integrated_contract,contract_c2250_h35,1,3.895245036e+10,3103409895,1460670894,16637298.69,3444310079,3530095651,-1119770711,3300000,0.9998150479,610.3417884,916324.5419,1175460.235,0.9128228459,15782417.73,0.1501371549,0,5.684341886e-14,2.842170943e-14,0,0,152.9901622,26467.23137,0,136.5,1877.120574,2250,35
integrated_contract,integrated_contract,contract_c2500_h35,1,3.895245036e+10,3103409895,1460670894,16637298.69,3738175138,3823960710,-825905652.1,3300000,0.9998150479,610.3417884,916324.5419,1175460.235,0.9128228459,15782417.73,0.1501371549,0,5.684341886e-14,2.842170943e-14,0,0,152.9901622,26467.23137,0,136.5,1877.120574,2500,35
